File,Index time (s),Index size (bytes),Term count,Temporary file count,Search boot time (s)
amazon_reviews_us_Books_v1_00.tsv.gz,5780.5112421512606,1069198239,1032124,144,0.7642431259155273
amazon_reviews_us_Digital_Music_Purchase_v1_00.tsv.gz,484.535138130187986,101293305,248664,12,0.1827540397644043
amazon_reviews_us_Digital_Video_Games_v1_00.tsv.gz,60.3042049407959003,11294656,43747,2,0.04724621772766113
amazon_reviews_us_Music_v1_00.tsv.gz,3597.11050033569332,635258222,840931,87,0.6814963817596436
